{"PelletChaserAgent": {"minGhostDist": 0.3512311502954423, "eatsFood": 0.17236601284474087, "distanceToHome": -0.9924350090458396, "stop": -0.3363211284203819, "minDistanceToFood": -0.21089059798242538}, "DefensiveAgent": {"closerToFood": 1.0, "onDefense": 0.47741482295785836, "movingToEntryPoint": 0.782716072775292, "movingTowardsInvader": 0.3993593198870954}}