{"PelletChaserAgent": {"stop": -1.0, "reverse": -0.056309402883873996, "closerToGhost": 0.29148429751889493, "deadEnd": 0.0005021803497153995, "distanceToFood": 1.1365432398513828e-37, "headHome": 0.0, "minDistanceToGhost_3": 0.014995361846871233}, "DefensiveAgent": {"onDefense": -0.00030871875008819466, "numInvaders": -0.4400170873390299, "stop": -0.05030978586510429, "reverse": -0.26295504042188467, "invaderDistance": -1.5769693517709287}}