{
  "PelletChaserAgent": {
    "distanceToFood": 6.788495209024216,
    "stop": -0.0007065759683739436,
    "reverse": 0.15232796168617482
  },
  "DefensiveAgent": {
    "onDefense": -67676136537467.13,
    "numInvaders": -75717553511821.03,
    "stop": 8191096602770.03,
    "reverse": -3978637770372.9214,
    "invaderDistance": -2011440953933739.0
  }
}