{"PelletChaserAgent": {"eatsFood": 0.2899853030777925, "distanceToCapsule": 0.33584373858916566, "minDistanceToGhost": 0.2116969140163766, "returnsFood": 1.0, "movesTowardsGhost": 0.1733606343992001, "movesTowardsFood(17, 6)": 0.0011635435608535459, "movesCloserToFood": 0.418511160352234, "minDistanceToFood": 0.18812375518093108, "movesTowardsFood(21, 12)": 0.000802351657486884, "movesTowardsFood(21, 6)": 0.008943271680011564, "movesTowardsFood(21, 1)": 0.26244460409246295, "movesTowardsFood(24, 12)": 0.030476389066057753, "currPos(16, 8)": 0.0017794623019691282, "movesTowardsFood(23, 1)": 0.33250891627498014, "movesTowardsFood(22, 4)": 0.024836248773648487, "currPos(16, 7)": 0.007249217251401865, "currPos(17, 7)": 0.012933223494198719, "currPos(18, 7)": 0.008072841364177848, "currPos(19, 7)": 0.0055935730916888615, "currPos(19, 6)": 0.003729007488753928, "movesTowardsFood(24, 6)": 0.06772875075384746, "currPos(19, 5)": 0.0002732468953136715, "movesTowardsFood(23, 6)": 0.09768694071209558, "currPos(19, 4)": 0.0003396816099178698, "movesTowardsFood(23, 12)": 0.004117957527609434, "currPos(16, 14)": 0.003361729121674586, "currPos(17, 14)": 0.0038817551337060716, "currPos(18, 14)": 0.0035522070156199393, "currPos(18, 13)": 0.001441806318737412, "currPos(19, 13)": 0.003113434939953599, "currPos(20, 13)": 0.0029205680554329426, "currPos(20, 14)": 0.0020385024632131213, "currPos(21, 14)": 0.0020083581672395677, "currPos(22, 14)": 0.01801914027654571, "currPos(23, 14)": 0.04972502260044916, "currPos(24, 14)": 0.09475137015435398, "currPos(24, 13)": 0.10082434257408418, "currPos(25, 13)": -0.004485522671744888, "currPos(26, 13)": 0.10217113774745006, "currPos(26, 12)": 4.588686456550502e-15, "movesTowardsFood(26, 14)": 0.3129936540012015, "eatsPelletAt(26, 13)": 0.055209622576990455, "currPos(26, 14)": 0.05769238502445919, "eatsPelletAt(24, 13)": 0.030572634232542275, "eatsPelletAt(24, 12)": 0.05865199629576901, "currPos(24, 12)": 0.11703536327505225, "currPos(23, 12)": 0.06587098184071498, "eatsPelletAt(20, 12)": 0.0008851038759873801, "currPos(20, 12)": 0.0015313511676721527, "currPos(21, 12)": 0.0005047739509355475, "movesTowardsFood(21, 8)": 0.03724349625524845, "currPos(16, 13)": 1.3077272032844007e-06, "movesTowardsFood(28, 7)": 0.10390213705258734, "movesTowardsFood(22, 10)": 0.033836254424472974, "currPos(16, 11)": 0.030475869874482038, "currPos(16, 10)": 0.07189276248746539, "currPos(17, 10)": 0.06808851047532202, "currPos(18, 10)": 0.027067017083628676, "currPos(16, 4)": 0.0007124166011699999, "currPos(16, 3)": 0.0007404437086065218, "currPos(17, 3)": 0.0015186541368992768, "currPos(18, 3)": 0.003521672119549416, "currPos(19, 3)": 0.01731180858833536, "currPos(19, 2)": 0.021191677252436616, "currPos(20, 2)": 0.10780276150809251, "eatsPelletAt(21, 2)": 0.1251896206117419, "currPos(21, 2)": 0.23392475170486163, "currPos(21, 1)": 0.12149109873801003, "currPos(19, 1)": 2.6180827005875267e-15, "currPos(17, 4)": 0.00011311719044308831, "eatsPelletAt(17, 7)": 0.002985482449958196, "currPos(17, 6)": 0.0027721004853698463, "eatsPelletAt(20, 6)": 0.004200563181285364, "currPos(20, 6)": 0.00848918518077331, "currPos(21, 6)": 0.004650744897004628, "currPos(17, 8)": 0.0004995017167547502, "currPos(22, 2)": 0.004390991329998832, "eatsPelletAt(23, 2)": 1.1307203252229423e-08, "currPos(23, 2)": 0.00430460715611088, "currPos(23, 1)": 5.277849609339348e-09, "currPos(23, 3)": 5.116598818041789e-14, "eatsPelletAt(23, 4)": 2.8398526491200456e-14, "currPos(23, 4)": 1.2662280960624447e-13, "eatsPelletAt(22, 4)": 5.273204505999976e-14, "currPos(22, 4)": 1.2472886832331641e-13, "currPos(21, 4)": 6.587441680822006e-14, "movesTowardsFood(26, 1)": -4.6876860561074465e-11, "currPos(18, 9)": 0.022018182695909883, "currPos(19, 9)": 0.01960702734084591, "currPos(20, 9)": 0.00931158380194955, "eatsPelletAt(21, 9)": 0.012290268373804317, "currPos(21, 9)": 0.025109599041313647, "currPos(21, 8)": 0.013127103214791049, "eatsPelletAt(22, 9)": 1.7242919788096686e-10, "currPos(22, 9)": 2.3223579159947547e-10, "currPos(22, 10)": 1.799459309258507e-10, "movesTowardsFood(21, 4)": 3.777741433259105e-05, "movesTowardsFood(28, 13)": 0.0001381502261775349, "currPos(18, 8)": 0.001123501050434202, "currPos(19, 8)": 6.979553174949374e-05, "currPos(26, 11)": 5.840968621757252e-15, "currPos(16, 2)": 8.676227039624746e-16, "currPos(16, 1)": 4.710129165971473e-16, "currPos(17, 1)": 2.6591199732385066e-16, "currPos(18, 1)": 1.1373714257161452e-15, "movesTowardsFood(25, 13)": 1.6874865153142523e-14, "currPos(18, 11)": 0.00020246110554358486, "currPos(19, 11)": 3.693738294552143e-05, "currPos(20, 11)": -5.142735550781342e-05, "hasPowerPellet": 8.950887228707622e-15, "eatsCapsule": 0.0, "currPos(26, 10)": 0.0, "currPos(25, 10)": 0.0, "currPos(24, 10)": 0.0, "currPos(24, 9)": 0.0, "currPos(23, 9)": 0.0, "movesTowardsFood(19, 8)": 1.2517360363756376e-07, "movesTowardsFood(16, 2)": 0.0, "movesTowardsFood(24, 14)": 0.08393655705635789, "currPos(24, 2)": 0.09768692048745332}, "DefensiveAgent": {"closerToFood": 0.12801995288584717, "onDefense": 0.99, "movingToEntryPoint": 0.25955869153567834, "movingTowardsInvader": 0.1791243481134952}}