{"PelletChaserAgent": {"stop": -0.5380591088064893, "reverse": -1.0, "(17, 6)": -0.4540341680828591, "(21, 1)": -0.3606746779593967, "(21, 4)": -0.3150221132534917, "(21, 6)": 5.834642878081753e-07, "(21, 8)": -0.3916744339510085, "(21, 12)": -0.4167907661691981, "(22, 4)": -0.32317708338966933, "(22, 10)": -0.37966096446013053, "(23, 1)": -0.34086532255212715, "(23, 6)": -0.28622423417026127, "(23, 12)": -0.34685828861516327, "(24, 6)": -0.29290663649612847, "(24, 7)": -0.28622423417026127, "(24, 12)": -0.3567882589085595, "(26, 1)": -0.3150221132534917, "(26, 3)": -0.3150221132534917, "(26, 14)": -0.33748055923641435, "(28, 7)": -0.2980745900703487, "(28, 13)": -0.2845777470355652, "(28, 14)": -0.2782862306876822}, "DefensiveAgent": {"onDefense": 1.2804538327747303, "invadersExist": 0.024456383154506666, "closerToInvaders": 0.0, "stop": -0.00013383644271377468, "reverse": 1.2250705553016963}}