{"PelletChaserAgent": {"eatsFood": 0.02201526468572782, "returnsFood": 1.0, "movesTowardsGhost": 0.0011809837601335954, "movesCloserToFood": 0.08499799098945746, "eatsPelletAt(17, 7)": 6.53841606913987e-05, "eatsPelletAt(20, 6)": 0.00013834385893173195, "eatsPelletAt(21, 9)": 0.0005963239675262261, "eatsPelletAt(20, 12)": 0.003062792026894725, "eatsPelletAt(24, 13)": 0.01612020230767072, "eatsPelletAt(22, 9)": 1.9745200303637666e-10, "eatsPelletAt(26, 13)": 0.0, "eatsPelletAt(24, 12)": 1.971553911581173e-18, "eatsPelletAt(23, 2)": 0.0, "eatsPelletAt(21, 2)": 1.6813381361810153e-05, "eatsPelletAt(23, 4)": 0.0, "eatsPelletAt(25, 1)": 0.0, "eatsPelletAt(18, 13)": 0.0, "eatsPelletAt(16, 11)": 0.0}, "DefensiveAgent": {"closerToFood": 0.37586612895074784, "onDefense": 0.99, "movingToEntryPoint": 0.3488762968114733, "movingTowardsInvader": 0.2706028018468326}}