{"PelletChaserAgent": {"stop": -1.0, "reverse": -0.31627703427188225, "closerToGhost": -5.397130222683052e-13, "deadEnd": 1.4330972701979917e-13, "distanceToFood": -0.36799331843184746, "minDistanceToGhost_3": -2.477187708966558e-13}, "DefensiveAgent": {"onDefense": 0.48775195180961517, "numInvaders": -0.014805299581063077, "stop": -0.2874432291519063, "reverse": -0.006263201962479796, "invaderDistance": -0.4060972526995831}}