{"PelletChaserAgent": {"eatsFood": 0.07842590189702592, "distanceToCapsule": 0.0016372193039724027, "minDistanceToGhost": 0.2847706980010404, "returnsFood": 1.0, "movesTowardsGhost": 0.030310839146479314, "movesTowardsFood(17, 6)": 0.07472252132861587, "minDistanceToFood": 0.07646328556911235, "stops": -0.3277364314473742, "movesCloserToFood": 0.26350156926535934, "movesTowardsFood(21, 12)": 4.08662930105427e-05, "movesTowardsFood(21, 1)": 0.019470580169745486, "movesTowardsFood(24, 12)": 0.0028918844431144496, "movesTowardsFood(23, 1)": 0.0010918923880907188, "movesTowardsFood(22, 4)": 2.9677543179378057e-05, "currPos(16, 8)": 1.1887225679718935e-14, "currPos(16, 7)": 0.044540420251445834, "currPos(17, 7)": 0.07397281320159123, "movesTowardsFood(24, 6)": 3.01541988351059e-06, "currPos(16, 4)": 0.00012197207432023453, "currPos(16, 3)": 0.0001978058163016868, "currPos(17, 3)": 0.00016441987219429014, "currPos(18, 3)": 0.00013983538385151163, "currPos(19, 3)": 0.00012020336199427998, "currPos(19, 2)": 0.00011195457691932784, "currPos(20, 2)": 9.550391921158189e-05, "currPos(21, 2)": 0.00013390462155140028, "currPos(22, 2)": 2.5964444061572662e-06, "currPos(23, 2)": 0.0002279803802525031, "currPos(23, 3)": -4.696344151341366e-30, "currPos(23, 4)": 0.0, "eatsPelletAt(23, 2)": 0.0001285430770554561, "currPos(23, 1)": 1.530418879548908e-06, "eatsPelletAt(21, 2)": 7.024364809218164e-05, "currPos(21, 1)": 6.022911459348672e-05, "movesTowardsFood(21, 4)": -2.5088690711216953e-06, "movesTowardsFood(23, 6)": 0.00012849346695140108, "currPos(24, 2)": -2.378310930678602e-16, "currPos(25, 2)": 6.059879276579966e-16, "movesTowardsFood(28, 7)": 0.026419244710288725, "currPos(25, 3)": -2.150602282237517e-16, "currPos(25, 4)": 5.938238340734116e-16, "currPos(25, 5)": -1.0238673733774537e-16, "movesTowardsFood(28, 13)": 0.002126349557969143, "currPos(26, 5)": 1.1219131073404587e-14, "currPos(27, 5)": 1.4074848048126376e-17, "currPos(27, 6)": 4.8830637529993326e-18, "eatsPelletAt(27, 7)": 0.0, "currPos(27, 7)": -2.8885868598134215e-17, "movesTowardsFood(26, 14)": 0.0014664901929492104, "currPos(28, 7)": 0.0, "currPos(27, 8)": 7.807433891463514e-17, "currPos(27, 9)": 8.0669533048499e-19, "currPos(26, 9)": 1.6998985965418074e-18, "movesTowardsFood(22, 10)": 0.6185136700797014, "hasPowerPellet": 0.11278115474888518, "eatsCapsule": 0.0008442769479749101, "currPos(26, 10)": 0.0008814738635929887, "currPos(25, 10)": -8.230809959110484e-06, "currPos(24, 10)": 0.0004559941594794908, "currPos(24, 9)": 2.03379142272633e-06, "currPos(23, 9)": 1.3169932932752993e-05, "eatsPelletAt(22, 9)": 2.2648381216290916e-05, "currPos(22, 9)": 2.0072089984873774e-05, "currPos(22, 10)": 7.564775987097066e-06, "movesTowardsFood(21, 8)": -0.015010955726926135, "eatsPelletAt(21, 9)": 0.047508554192847594, "currPos(21, 9)": 0.09545403512075729, "currPos(21, 8)": 0.04473573742731428, "currPos(20, 9)": 0.05997858252228447, "currPos(19, 9)": 0.058639471259756465, "currPos(19, 8)": -0.011436085573506269, "currPos(18, 8)": -7.772453754720613e-05, "currPos(17, 8)": 4.833654307646016e-15, "eatsPelletAt(17, 7)": 0.027402313544766344, "currPos(17, 6)": 0.026466164642826858, "movesTowardsFood(21, 6)": 0.1295953077505905, "currPos(18, 7)": -0.005467272342067528, "currPos(19, 7)": 1.2808156109161979e-14, "currPos(19, 6)": 7.850884917032018e-15, "eatsPelletAt(20, 6)": 8.47174701733871e-15, "currPos(20, 6)": 1.729349558585793e-14, "currPos(21, 6)": 8.78361670851124e-15, "currPos(18, 9)": 0.08414628415650785, "currPos(18, 10)": 0.0889556193100545, "currPos(18, 11)": 0.01643467245816818, "currPos(19, 11)": 0.01201830488404095, "currPos(20, 11)": -0.00042579046007817646, "eatsPelletAt(20, 12)": 0.00032142488347238846, "currPos(20, 12)": -0.006260656185785626, "currPos(21, 12)": -0.0502964081076392, "currPos(20, 13)": 0.009474685016049415, "currPos(20, 14)": 0.006083010706890154, "currPos(21, 14)": 0.007039302750454756, "movesTowardsFood(23, 12)": 7.094979966478339e-09, "movesTowardsFood(18, 14)": 2.3009826980059059e-29, "movesTowardsFood(22, 14)": 1.8345753824472672e-29, "movesTowardsFood(21, 14)": 5.431305788946794e-28, "currPos(16, 14)": 0.010901290068361793, "eatsPelletAt(17, 14)": 0.0, "currPos(17, 14)": 0.01888871634618707, "eatsPelletAt(18, 14)": 0.0, "currPos(18, 14)": 0.017253317188544295, "eatsPelletAt(18, 13)": 0.0, "currPos(18, 13)": 0.012912733725199636, "eatsPelletAt(19, 13)": 0.0, "currPos(19, 13)": 0.011107205638751226, "eatsPelletAt(20, 13)": 0.0, "currPos(16, 13)": 1.6426508668524434e-06, "eatsPelletAt(20, 14)": 0.0, "eatsPelletAt(21, 14)": 0.0, "currPos(22, 14)": 0.009745051623082207, "currPos(23, 14)": 0.007926575750140784, "currPos(24, 14)": 0.00486537895891708, "currPos(16, 11)": 0.10330812782221475, "currPos(16, 10)": 0.0502620849524887, "currPos(17, 10)": 0.11954169837509869, "currPos(19, 5)": 9.730345343822357e-16, "currPos(19, 4)": 1.8530532763922384e-08, "currPos(17, 4)": 1.634447207403504e-05, "eatsPelletAt(24, 13)": 0.0005331031806280557, "currPos(24, 13)": 0.007066891871118791, "eatsPelletAt(24, 12)": 0.0009939756802624393, "currPos(24, 12)": 0.0020493180265476582, "currPos(23, 12)": 0.0011532757404426166, "currPos(25, 13)": 0.002591506890741393, "eatsPelletAt(26, 13)": 0.0014319406645038435, "currPos(26, 13)": 0.0034267420390641026, "currPos(26, 14)": 0.0011843004932803579, "movesTowardsFood(24, 14)": 1.0339566393860466e-22, "eatsPelletAt(23, 14)": 0.0, "eatsPelletAt(24, 14)": 0.0, "currPos(26, 12)": 0.00025806368393925614, "movesTowardsFood(28, 14)": 4.643169502820819e-07, "currPos(26, 11)": 0.0012591118634064185, "currPos(26, 8)": 0.0, "movesTowardsFood(20, 2)": 2.633297417578893e-18, "movesTowardsFood(26, 1)": 2.2984103586913602e-18, "movesTowardsFood(17, 7)": 8.297518006822352e-16, "currPos(19, 1)": 0.0, "movesTowardsFood(22, 9)": -1.6428265748712812e-06, "eatsPelletAt(23, 9)": 0.0}, "DefensiveAgent": {"closerToFood": 0.09044123933894758, "onDefense": 0.9981397115405053, "movingToEntryPoint": 0.8073813320382429}}