{"PelletChaserAgent": {"movingTowardsFood": -0.457822208378017, "movingTowardsGhost": -0.03599032557813972, "distanceToHome": 1.0, "enteringDeadEnd": -0.13162186397737025, "eatsFood": 0.05810960105672988, "stop": -0.6214829195330858}, "DefensiveAgent": {"onDefense": 1.0335976059262606, "invadersExist": 0.06259016248326746, "closerToInvaders": 0.06922142352761058, "stop": -0.008754516256667136, "closerToFood": 0.5738370133002041}}