{"PelletChaserAgent": {"stop": -0.5288276954461104, "reverse": -0.293912610251528, "closerToGhost": -0.05974362988673269, "deadEnd": -2.3743006813619167e-163, "distanceToFood": -1.4896078010560998, "minDistanceToGhost_3": 1.462655850670536e-35}, "DefensiveAgent": {"onDefense": -0.02603500769062833, "numInvaders": 0.038449689927196266, "reverse": -1.0, "stop": -0.40742738988031757, "invaderDistance": 0.8533431644433255}}