{"PelletChaserAgent": {"movingTowardsFood": -0.2825331410153313, "movingTowardsGhost": -0.856687627429929, "eatsFood": 0.21751826327539092, "distanceToHome": 1.0, "stop": -0.9015938513943338}, "DefensiveAgent": {"onDefense": 1.0331259096068754, "invadersExist": 0.0034336214513971597, "closerToInvaders": 0.012351557194169941, "stop": -0.012850449973684593, "closerToFood": 0.6205349489193296}}