{"PelletChaserAgent": {"movingTowardsFood": -0.18998189835958004, "movingTowardsGhost": -0.5495909135666516, "distanceToHome": 1.0, "enteringDeadEnd": -0.03144853380498527, "eatsFood": 0.29999224151431153, "stop": -0.40153285091965113}, "DefensiveAgent": {"onDefense": 1.034614640679752, "invadersExist": 0.047462233246215985, "closerToInvaders": 0.09502136805330351, "stop": -0.03222414942403103, "closerToFood": 0.47315057270455463}}