{"PelletChaserAgent": {"movingTowardsFood": -0.17188960412357054, "movingTowardsGhost": -0.6703796369707185, "distanceToHome": 1.0, "enteringDeadEnd": -0.011731646252972386, "eatsFood": 0.5660868264644456, "stop": -0.36626613218914317}, "DefensiveAgent": {"closerToFood": 0.02113396221496843, "onDefense": 0.9649645864604134, "movingToEntryPoint": 0.3217572886488955, "movingTowardsInvader": 1.0}}