{"PelletChaserAgent": {"eatsFood": 0.03421783029017121, "distanceToCapsule": 0.015495967053497166, "minDistanceToGhost": 0.45661299185991505, "returnsFood": 1.0, "movesTowardsGhost": 0.00022521584176320804, "movesTowardsFood(17, 6)": 0.00074540846591876, "movesCloserToFood": 0.30472006821613584, "minDistanceToFood": 0.07675703854770564, "stops": -0.0012952296930288751, "movesTowardsFood(21, 12)": 0.8932570196713674, "movesTowardsFood(24, 12)": 0.00014604099456923074, "currPos(16, 8)": 0.00013833759729160584, "currPos(16, 7)": 0.010785487850067516, "currPos(17, 7)": 0.016347000387527903, "currPos(18, 7)": 0.00939661549955208, "currPos(18, 8)": 0.00024736554936494095, "currPos(18, 9)": 0.0002918403228277328, "movesTowardsFood(23, 1)": 6.755348865524681e-05, "currPos(18, 10)": 9.753926406429393e-05, "currPos(18, 11)": 4.232252464838173e-06, "currPos(19, 11)": 1.344465037335559e-07, "currPos(20, 11)": 1.5565570815818618e-07, "eatsPelletAt(20, 12)": 3.697963871939217e-07, "currPos(20, 12)": 9.282049653726586e-07, "currPos(21, 12)": 3.495920813713887e-07, "movesTowardsFood(22, 10)": 0.0068273463428697835, "currPos(20, 13)": 0.0721160501909059, "movesTowardsFood(21, 1)": 0.0002038274147599579, "movesTowardsFood(21, 6)": 0.008096245828121119, "movesTowardsFood(21, 4)": 6.945701733781031e-05, "currPos(17, 8)": 0.0001574166428759294, "eatsPelletAt(17, 7)": 0.003289368803330519, "currPos(17, 6)": 0.0029880745322499497, "currPos(19, 7)": 0.007726700835911551, "currPos(19, 6)": 0.005418982064678463, "currPos(19, 5)": 3.4629806771043014e-14, "currPos(19, 4)": 3.4054363198969805e-14, "currPos(19, 3)": 0.00013325317858108268, "movesTowardsFood(19, 11)": -5.05739768382392e-33, "movesTowardsFood(18, 3)": 1.3130940657781542e-31, "currPos(16, 11)": 0.00010471931120659245, "currPos(16, 10)": 0.0001020792528256965, "currPos(17, 10)": 8.762909789005023e-05, "eatsPelletAt(18, 11)": 0.0, "movesTowardsFood(21, 8)": 0.03632412694305056, "currPos(19, 9)": -0.0001730754335676873, "currPos(19, 8)": -7.388878376350093e-10, "movesTowardsFood(22, 4)": 0.0010912582875105274, "currPos(19, 2)": 0.00015893259345856338, "currPos(20, 2)": 0.0001548121382560563, "movesTowardsFood(24, 6)": 1.6003058741910405e-06, "currPos(21, 2)": 0.0002579538606716801, "currPos(22, 2)": 3.23301537131916e-05, "movesTowardsFood(28, 7)": 0.04306418838382693, "currPos(23, 2)": 0.0001156196572667244, "movesTowardsFood(23, 6)": 2.7131836998804475e-06, "currPos(24, 2)": 2.132890774025658e-05, "currPos(25, 2)": 5.802984123939305e-05, "movesTowardsFood(23, 2)": 1.803010344849805e-23, "currPos(16, 4)": 0.00013552485782584184, "currPos(16, 3)": 0.00023081677579965174, "eatsPelletAt(17, 3)": 0.0, "currPos(17, 3)": 0.00018295979634354523, "currPos(18, 3)": 0.00016526045344759466, "eatsPelletAt(21, 2)": 0.00019443072052534029, "currPos(21, 1)": 4.4924811812781195e-05, "eatsPelletAt(22, 2)": 0.0, "eatsPelletAt(23, 2)": 7.326472776533492e-05, "currPos(23, 1)": 5.6325217258484186e-05, "currPos(23, 3)": -0.00011971946894676839, "eatsPelletAt(23, 4)": 0.0001634123544680842, "currPos(23, 4)": 0.00016341236088217312, "eatsPelletAt(22, 4)": 4.82325258714728e-12, "currPos(22, 4)": 1.0355297158326817e-11, "currPos(21, 4)": 5.273236331351252e-12, "currPos(20, 9)": -0.0008454156306523441, "currPos(21, 9)": 0.016066712724388556, "eatsPelletAt(21, 9)": 0.016484300703883216, "currPos(21, 8)": 0.009443517273050057, "movesTowardsFood(26, 14)": 0.003568267388342531, "eatsPelletAt(22, 9)": 1.24413776377611e-05, "currPos(22, 9)": 0.0005585209194871243, "movesTowardsFood(28, 13)": 0.00010734183126303348, "currPos(16, 14)": 0.10820904634097787, "currPos(17, 14)": 0.13834789597183045, "currPos(18, 14)": 0.116394025091009, "currPos(18, 13)": 0.09972473500170072, "currPos(19, 13)": 0.08505419877575375, "currPos(20, 14)": 0.04151293257393489, "currPos(21, 14)": 0.055281680057402666, "currPos(22, 14)": 0.046935000229106995, "currPos(23, 14)": 0.03979631667167963, "currPos(24, 14)": 0.03374853152249373, "currPos(24, 13)": 0.028800378558165248, "eatsPelletAt(24, 13)": 0.0001610255081673123, "eatsPelletAt(24, 12)": 0.0003234366748353462, "currPos(24, 12)": 0.0005912479393766786, "currPos(23, 12)": 0.00034995187893203694, "currPos(16, 13)": 0.00011228688111704284, "movesTowardsFood(19, 1)": 3.6422542203694446e-28, "currPos(25, 3)": 6.180943985104605e-05, "currPos(25, 4)": 1.8768478262353254e-05, "currPos(25, 5)": 5.2598586726120475e-05, "currPos(26, 5)": 2.543765078554435e-07, "currPos(27, 5)": 2.605623061110053e-07, "currPos(27, 6)": 2.668685093029015e-07, "currPos(27, 7)": 7.523332088208592e-06, "currPos(27, 8)": -3.5192534363426024e-06, "currPos(26, 8)": -1.7361230328154172e-08, "movesTowardsFood(26, 1)": 0.00012303105720122255, "currPos(26, 9)": -1.9609054079744146e-08, "eatsPelletAt(20, 6)": 0.004857490188691124, "currPos(20, 6)": 0.009000677897220564, "currPos(21, 6)": 0.005271127184300103, "currPos(16, 1)": 4.733541698720037e-12, "currPos(17, 1)": -2.4212483884925706e-12, "currPos(18, 1)": -2.449229554007364e-12, "currPos(19, 1)": -2.433983526536897e-12, "currPos(17, 4)": 4.04814329156214e-05, "eatsPelletAt(25, 3)": 3.9589571676182036e-05, "currPos(26, 3)": 4.278126483187079e-05, "currPos(25, 1)": 1.8757356209616987e-24, "eatsPelletAt(25, 1)": 1.6316153932462315e-24, "currPos(26, 1)": 8.905649963081143e-24, "movesTowardsFood(24, 2)": 2.7635049449151764e-25, "movesTowardsFood(24, 13)": 5.359985322313735e-10, "movesTowardsFood(23, 12)": 2.9860006072360065e-08, "currPos(25, 13)": 0.024008067800742185, "currPos(26, 13)": 0.03313548408221334, "currPos(26, 12)": 0.01714317843224462, "currPos(26, 11)": 0.00045921735250208166, "movesTowardsFood(28, 14)": 3.1624880962579165e-10, "hasPowerPellet": 0.017481391756885224, "eatsCapsule": 0.006762447157453722, "currPos(26, 10)": 0.00046615750587794915, "currPos(25, 10)": 7.236030777571011e-05, "eatsPelletAt(26, 13)": 0.008592046928621892, "currPos(26, 14)": 0.0011665361093709766, "currPos(27, 9)": 1.8915893512929482e-25, "currPos(28, 9)": 0.0, "eatsPelletAt(27, 7)": 8.083222549089102e-06, "currPos(28, 7)": 1.0051231329926447e-06, "eatsPelletAt(25, 6)": 7.425244335713938e-06, "currPos(25, 6)": 2.7663670540407758e-05, "currPos(24, 6)": 2.86851022283914e-05, "eatsPelletAt(24, 6)": 1.1142813878941703e-05, "currPos(24, 7)": 2.7131473107011965e-06, "currPos(23, 6)": 1.2341557769119697e-05, "movesTowardsFood(26, 3)": 0.00012112530647482972, "movesTowardsFood(23, 4)": 1.6608320748903872e-23, "movesTowardsFood(22, 2)": 5.873028819343192e-23, "movesTowardsFood(16, 13)": 6.443366902051216e-23, "movesTowardsFood(20, 2)": 0.024296849289823924, "eatsPelletAt(19, 2)": 0.0, "currPos(22, 10)": 1.1311421916765304e-06, "movesTowardsFood(26, 8)": 1.088493416334333e-16, "currPos(16, 2)": 5.693619545439309e-12, "eatsPelletAt(24, 14)": 0.0, "currPos(24, 10)": 0.006757523402668405, "currPos(24, 9)": 0.0005414479865862719, "currPos(23, 9)": 0.0005411168354607677}, "DefensiveAgent": {"closerToFood": 0.10541002583923952, "onDefense": 1.0075053529174887, "movingToEntryPoint": 0.2569700611686167, "movingTowardsInvader": 0.01692825112108969}}