{"PelletChaserAgent": {"eatsFood": 0.06881594035249863, "distanceToCapsule": 0.40313139190926534, "minDistanceToGhost": 0.2136708414208861, "returnsFood": 1.0, "movesTowardsGhost": 0.23025902319051994, "movesTowardsFood(17, 6)": 0.022218235171009425, "minDistanceToFood": 0.37298019139021216, "movesCloserToFood": 0.295074306270225, "movesTowardsFood(21, 12)": 0.0986173080011175, "movesTowardsFood(21, 1)": 0.45026686052129616, "movesTowardsFood(22, 4)": 0.02017699731517831, "movesTowardsFood(24, 12)": 0.00034393745022828266, "movesTowardsFood(23, 1)": 0.08423996794937635, "movesTowardsFood(21, 6)": 0.056658718193898665, "movesTowardsFood(21, 4)": 0.0021030437928934264, "currPos(16, 7)": 0.00026894512518720845, "currPos(16, 8)": -6.534181278523182e-06, "currPos(17, 8)": 0.00011783772216180295, "currPos(17, 7)": 0.0004523971993187459, "currPos(18, 7)": 0.00010007317982815436, "movesTowardsFood(23, 12)": 3.060101877420743e-11, "currPos(16, 4)": 0.008054709692469051, "currPos(17, 4)": 0.004969278847693442, "currPos(17, 3)": -0.018801409436569726, "currPos(18, 3)": 0.05217271962126785, "currPos(19, 3)": 0.12308175929816036, "currPos(19, 2)": 1.4748253539082639e-05, "currPos(20, 2)": 1.1724880026173456e-05, "movesTowardsFood(26, 14)": 0.01589855732511198, "currPos(21, 2)": 1.7707673701150556e-05, "movesTowardsFood(28, 13)": 1.6369440139233128e-10, "eatsPelletAt(21, 2)": 7.97087537668101e-06, "currPos(21, 1)": 7.440934444845305e-06, "currPos(22, 2)": 1.5720103392195948e-06, "currPos(23, 2)": 2.467762757140466e-06, "currPos(23, 3)": 0.0, "eatsPelletAt(23, 4)": 0.0, "currPos(23, 4)": 3.767873038908032e-28, "eatsPelletAt(22, 4)": 0.0, "currPos(22, 4)": 1.0742532451648112e-26, "currPos(21, 4)": 0.0, "movesTowardsFood(24, 6)": 0.015385638938304158, "movesTowardsFood(23, 6)": 0.000600493739157229, "currPos(16, 14)": 0.12352242916758546, "currPos(17, 14)": 0.16602013114456743, "currPos(18, 14)": 0.15859421130035023, "currPos(18, 13)": 0.13432003263090275, "currPos(19, 13)": 0.11403199266200408, "currPos(20, 13)": 0.08311035407556644, "eatsPelletAt(20, 12)": 0.06386719507601674, "currPos(20, 12)": 0.12032423390759564, "currPos(21, 12)": 0.05687660679578511, "currPos(20, 14)": 0.01765631013444306, "currPos(21, 14)": 0.014979549869510455, "currPos(22, 14)": 0.012743976104435768, "currPos(23, 14)": 0.010745488064530481, "currPos(24, 14)": 0.009066794169504764, "eatsPelletAt(24, 13)": 0.00022131846945330595, "currPos(24, 13)": 0.010535831392092753, "currPos(24, 12)": 0.0008886938222763429, "movesTowardsFood(28, 7)": 0.6276468308247658, "currPos(25, 13)": 0.00981186832432982, "eatsPelletAt(26, 13)": 0.003770843661454429, "currPos(26, 13)": 0.0077233387688089685, "currPos(26, 14)": 0.005865578370814961, "eatsPelletAt(24, 12)": 0.0005268505888712482, "currPos(23, 12)": 0.00047388276530341413, "movesTowardsFood(22, 10)": 0.0010947622562793853, "currPos(26, 12)": 2.8659390012599526e-10, "currPos(26, 11)": -1.0451850432137234e-11, "currPos(26, 10)": 9.049811394797336e-13, "currPos(26, 9)": 4.592487042850346e-13, "currPos(27, 9)": 3.8887822111976637e-13, "currPos(27, 8)": 3.2669539402159426e-13, "eatsPelletAt(27, 7)": 0.0, "currPos(27, 7)": 2.7469252832144435e-13, "currPos(28, 7)": 0.0, "currPos(27, 6)": 1.8379490525261024e-13, "hasPowerPellet": 2.152124682082717e-11, "eatsCapsule": 3.5948405087700195e-13, "currPos(25, 10)": 1.8085206115266766e-12, "currPos(24, 10)": 1.6846139582380845e-12, "currPos(24, 9)": 1.0091881772122837e-12, "currPos(23, 9)": -2.7545347428479774e-13, "eatsPelletAt(22, 9)": 1.6870458101947344e-12, "currPos(22, 9)": 1.614914982269149e-12, "currPos(22, 10)": 1.3362765168271797e-12, "movesTowardsFood(21, 8)": 0.025651526759917886, "eatsPelletAt(21, 9)": 6.798431850565274e-10, "currPos(21, 9)": 1.2797731897307086e-09, "currPos(21, 8)": 5.178381655460102e-10, "currPos(20, 9)": 8.23238624433834e-10, "currPos(19, 9)": 9.056146977313426e-10, "currPos(18, 9)": 8.22748760660544e-06, "currPos(18, 8)": -3.3026423667615786e-05, "eatsPelletAt(17, 7)": 0.00027172670337483957, "currPos(17, 6)": 0.0003364120810228039, "currPos(19, 7)": 6.680736958684903e-09, "currPos(19, 6)": 6.276464446363831e-09, "eatsPelletAt(20, 6)": 4.128143381302172e-11, "currPos(20, 6)": 3.84078503124232e-11, "currPos(21, 6)": 3.3262713629635593e-12, "movesTowardsFood(16, 7)": 7.544481951557264e-23, "currPos(16, 11)": 0.07344681319865687, "currPos(16, 10)": -0.0008663069464364129, "currPos(17, 10)": 2.7865427483961385e-05, "currPos(18, 10)": 3.135767745564286e-05, "currPos(19, 8)": -3.432782620315191e-13, "currPos(16, 13)": 0.0011149146856859104, "currPos(18, 11)": 9.640470267101708e-06, "currPos(16, 3)": 0.003442842144116926, "currPos(24, 2)": 7.454096942388858e-12, "currPos(25, 2)": -2.2083046037888334e-12, "movesTowardsFood(23, 2)": 7.949475113347783e-18, "currPos(19, 4)": 8.515452135754995e-09, "currPos(19, 5)": 8.66912771916121e-09, "eatsPelletAt(23, 2)": 1.1660433216451865e-06, "currPos(23, 1)": 1.3370297848733696e-06, "movesTowardsFood(17, 3)": 5.281765417463493e-14, "movesTowardsFood(28, 14)": 0.0, "movesTowardsFood(25, 13)": 7.416694459689378e-10, "currPos(25, 3)": 9.125304054630513e-11, "currPos(25, 4)": 0.0, "currPos(25, 5)": 0.0, "currPos(26, 5)": 0.0, "currPos(27, 5)": 0.0, "eatsPelletAt(25, 3)": 0.0, "currPos(26, 3)": 1.6432028287118742e-10, "movesTowardsFood(26, 11)": 2.9356781482889444e-09, "movesTowardsFood(20, 14)": 3.149116567680678e-05, "movesTowardsFood(20, 13)": 2.163854301231003e-05, "eatsPelletAt(19, 13)": 0.0, "eatsPelletAt(20, 13)": 0.0}, "DefensiveAgent": {"closerToFood": 0.11574527037648921, "onDefense": 0.9982505255137234, "movingToEntryPoint": 0.3690302588132352, "movingTowardsInvader": 0.1920117115688795}}