{"PelletChaserAgent": {"eatsFood": 0.06094616165850222, "minDistanceToGhost": 0.34087077408834776, "returnsFood": 1.0, "movesTowardsGhost": 0.06925914197777139, "movesCloserToFood": 0.6408058560447695, "eatsPelletAt(17, 7)": 9.795232705058134e-07, "eatsPelletAt(20, 6)": 0.0, "eatsPelletAt(21, 9)": 1.3934069553973188e-06, "eatsPelletAt(22, 9)": 0.0, "eatsPelletAt(20, 12)": 0.05103488726551006, "eatsPelletAt(24, 13)": 0.002511087305644578, "eatsPelletAt(24, 12)": 0.005476193812834634, "eatsPelletAt(26, 13)": 0.0004049334270772792, "eatsPelletAt(21, 2)": 0.0015165622747631484, "eatsPelletAt(23, 2)": 6.290729758943142e-08, "eatsPelletAt(23, 4)": 0.0, "eatsPelletAt(22, 4)": 0.0, "eatsPelletAt(25, 3)": 0.0}, "DefensiveAgent": {"closerToFood": 0.11027034535962672, "onDefense": 0.9999243310823664, "movingToEntryPoint": 0.6942167598372528, "movingTowardsInvader": 0.5935896424337291}}