{"PelletChaserAgent": {"distanceToFood": -0.06328148562251862, "eatsFood": 0.25693830294678427, "distanceToHome": 1.0, "stop": -0.20709277810889423}, "DefensiveAgent": {"onDefense": 1.0311512224106651, "invadersExist": 0.2907296257769847, "closerToInvaders": 0.31458992740579733, "stop": -0.04005235328431393, "closerToFood": 0.46834691567405623}}