{"PelletChaserAgent": {"movingTowardsFood": -0.016038149637386003, "movingTowardsGhost": -0.1535301691113062, "distanceToHome": 1.0, "enteringDeadEnd": -0.10447238305267366, "eatsFood": 0.6978970039377701, "stop": -0.2044216071905522}, "DefensiveAgent": {"onDefense": 1.0878764567602377, "invadersExist": 0.21399452878397573, "closerToInvaders": 0.19326128500823092, "stop": -0.038863485991039386, "closerToFood": 0.5430717417804181}}