{"PelletChaserAgent": {"eatsFood": 0.11885677569116891, "eatsCapsule": 9.037153757840241e-14, "returnsFood": 1.1233521953382157, "numCarrying": 1.1805722000470888, "movesTowardsGhost": 0.0006506153894651055, "movesCloserToFood": 0.26998032475684797, "eatsPelletAt(23, 2)": 4.6102996989503676e-10, "eatsPelletAt(21, 2)": 1.8246794931252242e-10, "eatsPelletAt(23, 4)": 8.659251799534638e-10, "eatsPelletAt(22, 4)": 1.4213843990161436e-09, "eatsPelletAt(24, 13)": 2.0393416634300393e-07, "eatsPelletAt(24, 12)": 6.905093025461399e-08, "eatsPelletAt(26, 13)": 0.10342579608701878, "eatsPelletAt(20, 12)": 0.014632284435856362, "eatsPelletAt(27, 7)": 2.229656565938627e-19, "eatsPelletAt(28, 12)": 2.804569251340161e-231, "eatsPelletAt(28, 13)": 3.7437737183884453e-231, "eatsPelletAt(22, 9)": 0.0003733990641530731, "eatsPelletAt(17, 7)": 3.830191918182138e-05, "eatsPelletAt(20, 6)": 3.855169254967615e-05, "eatsPelletAt(21, 9)": 0.0003481665765051102, "eatsPelletAt(18, 1)": 0.0, "eatsPelletAt(25, 1)": 5.482288861182119e-63, "eatsPelletAt(25, 6)": 5.998168510543322e-74, "eatsPelletAt(24, 6)": 3.87583604935551e-73, "eatsPelletAt(25, 3)": 8.617604809333658e-63, "eatsPelletAt(17, 3)": 0.0, "eatsPelletAt(16, 3)": 0.0, "eatsPelletAt(27, 6)": 0.0, "eatsPelletAt(27, 9)": 0.0, "eatsPelletAt(26, 9)": 0.0, "eatsPelletAt(18, 8)": 0.0, "eatsPelletAt(17, 8)": 0.0, "eatsPelletAt(19, 3)": 8.32872036207528e-58, "eatsPelletAt(19, 2)": 9.289380152659785e-58, "eatsPelletAt(23, 3)": 6.275945012263758e-160, "eatsPelletAt(16, 10)": 0.0, "eatsPelletAt(18, 10)": 0.0, "eatsPelletAt(20, 2)": 0.0, "eatsPelletAt(22, 2)": 0.0, "eatsPelletAt(22, 14)": 0.0, "eatsPelletAt(19, 4)": 0.0, "eatsPelletAt(19, 1)": 0.0}, "DefensiveAgent": {"closerToFood": 0.30336311229725504, "onDefense": 0.99, "movingToEntryPoint": 0.3420353324251718, "movingTowardsInvader": 0.5712804096504421}}